Boro Name,Map Subtitle 3,Map Subtitle 2,Map Subtitle,NTA Name,Map Title,Map Subtitle,Disability: Ambulatory Difficulty
Bronx,"Gray areas on the New York City map include Rikers Island and unpopulated areas such as airports, cemeteries, and parks.",Source: American Community Survey (ACS) 2010-2014 5-year estimates. NTA-level estimates prepared by NYC Department of City Planning.,Percent of civilian noninstitutionalized population all ages with an ambulatory difficulty,Allerton-Pelham Gardens,Disability: Ambulatory Difficulty,Percent of civilian noninstitutionalized population all ages with an ambulatory difficulty,7.30
Bronx,"Gray areas on the New York City map include Rikers Island and unpopulated areas such as airports, cemeteries, and parks.",Source: American Community Survey (ACS) 2010-2014 5-year estimates. NTA-level estimates prepared by NYC Department of City Planning.,Percent of civilian noninstitutionalized population all ages with an ambulatory difficulty,Bedford Park-Fordham North,Disability: Ambulatory Difficulty,Percent of civilian noninstitutionalized population all ages with an ambulatory difficulty,7.50
Bronx,"Gray areas on the New York City map include Rikers Island and unpopulated areas such as airports, cemeteries, and parks.",Source: American Community Survey (ACS) 2010-2014 5-year estimates. NTA-level estimates prepared by NYC Department of City Planning.,Percent of civilian noninstitutionalized population all ages with an ambulatory difficulty,Belmont,Disability: Ambulatory Difficulty,Percent of civilian noninstitutionalized population all ages with an ambulatory difficulty,5.50
Bronx,"Gray areas on the New York City map include Rikers Island and unpopulated areas such as airports, cemeteries, and parks.",Source: American Community Survey (ACS) 2010-2014 5-year estimates. NTA-level estimates prepared by NYC Department of City Planning.,Percent of civilian noninstitutionalized population all ages with an ambulatory difficulty,Bronxdale,Disability: Ambulatory Difficulty,Percent of civilian noninstitutionalized population all ages with an ambulatory difficulty,11.00
Bronx,"Gray areas on the New York City map include Rikers Island and unpopulated areas such as airports, cemeteries, and parks.",Source: American Community Survey (ACS) 2010-2014 5-year estimates. NTA-level estimates prepared by NYC Department of City Planning.,Percent of civilian noninstitutionalized population all ages with an ambulatory difficulty,Claremont-Bathgate,Disability: Ambulatory Difficulty,Percent of civilian noninstitutionalized population all ages with an ambulatory difficulty,9.60
Bronx,"Gray areas on the New York City map include Rikers Island and unpopulated areas such as airports, cemeteries, and parks.",Source: American Community Survey (ACS) 2010-2014 5-year estimates. NTA-level estimates prepared by NYC Department of City Planning.,Percent of civilian noninstitutionalized population all ages with an ambulatory difficulty,Co-op City,Disability: Ambulatory Difficulty,Percent of civilian noninstitutionalized population all ages with an ambulatory difficulty,10.20
Bronx,"Gray areas on the New York City map include Rikers Island and unpopulated areas such as airports, cemeteries, and parks.",Source: American Community Survey (ACS) 2010-2014 5-year estimates. NTA-level estimates prepared by NYC Department of City Planning.,Percent of civilian noninstitutionalized population all ages with an ambulatory difficulty,Crotona Park East,Disability: Ambulatory Difficulty,Percent of civilian noninstitutionalized population all ages with an ambulatory difficulty,6.20
Bronx,"Gray areas on the New York City map include Rikers Island and unpopulated areas such as airports, cemeteries, and parks.",Source: American Community Survey (ACS) 2010-2014 5-year estimates. NTA-level estimates prepared by NYC Department of City Planning.,Percent of civilian noninstitutionalized population all ages with an ambulatory difficulty,East Concourse-Concourse Village,Disability: Ambulatory Difficulty,Percent of civilian noninstitutionalized population all ages with an ambulatory difficulty,8.70
Bronx,"Gray areas on the New York City map include Rikers Island and unpopulated areas such as airports, cemeteries, and parks.",Source: American Community Survey (ACS) 2010-2014 5-year estimates. NTA-level estimates prepared by NYC Department of City Planning.,Percent of civilian noninstitutionalized population all ages with an ambulatory difficulty,East Tremont,Disability: Ambulatory Difficulty,Percent of civilian noninstitutionalized population all ages with an ambulatory difficulty,8.70
Bronx,"Gray areas on the New York City map include Rikers Island and unpopulated areas such as airports, cemeteries, and parks.",Source: American Community Survey (ACS) 2010-2014 5-year estimates. NTA-level estimates prepared by NYC Department of City Planning.,Percent of civilian noninstitutionalized population all ages with an ambulatory difficulty,Eastchester-Edenwald-Baychester,Disability: Ambulatory Difficulty,Percent of civilian noninstitutionalized population all ages with an ambulatory difficulty,6.70
Bronx,"Gray areas on the New York City map include Rikers Island and unpopulated areas such as airports, cemeteries, and parks.",Source: American Community Survey (ACS) 2010-2014 5-year estimates. NTA-level estimates prepared by NYC Department of City Planning.,Percent of civilian noninstitutionalized population all ages with an ambulatory difficulty,Fordham South,Disability: Ambulatory Difficulty,Percent of civilian noninstitutionalized population all ages with an ambulatory difficulty,7.60
Bronx,"Gray areas on the New York City map include Rikers Island and unpopulated areas such as airports, cemeteries, and parks.",Source: American Community Survey (ACS) 2010-2014 5-year estimates. NTA-level estimates prepared by NYC Department of City Planning.,Percent of civilian noninstitutionalized population all ages with an ambulatory difficulty,Highbridge,Disability: Ambulatory Difficulty,Percent of civilian noninstitutionalized population all ages with an ambulatory difficulty,9.60
Bronx,"Gray areas on the New York City map include Rikers Island and unpopulated areas such as airports, cemeteries, and parks.",Source: American Community Survey (ACS) 2010-2014 5-year estimates. NTA-level estimates prepared by NYC Department of City Planning.,Percent of civilian noninstitutionalized population all ages with an ambulatory difficulty,Hunts Point,Disability: Ambulatory Difficulty,Percent of civilian noninstitutionalized population all ages with an ambulatory difficulty,7.90
Bronx,"Gray areas on the New York City map include Rikers Island and unpopulated areas such as airports, cemeteries, and parks.",Source: American Community Survey (ACS) 2010-2014 5-year estimates. NTA-level estimates prepared by NYC Department of City Planning.,Percent of civilian noninstitutionalized population all ages with an ambulatory difficulty,Kingsbridge Heights,Disability: Ambulatory Difficulty,Percent of civilian noninstitutionalized population all ages with an ambulatory difficulty,6.90
Bronx,"Gray areas on the New York City map include Rikers Island and unpopulated areas such as airports, cemeteries, and parks.",Source: American Community Survey (ACS) 2010-2014 5-year estimates. NTA-level estimates prepared by NYC Department of City Planning.,Percent of civilian noninstitutionalized population all ages with an ambulatory difficulty,Longwood,Disability: Ambulatory Difficulty,Percent of civilian noninstitutionalized population all ages with an ambulatory difficulty,8.20
Bronx,"Gray areas on the New York City map include Rikers Island and unpopulated areas such as airports, cemeteries, and parks.",Source: American Community Survey (ACS) 2010-2014 5-year estimates. NTA-level estimates prepared by NYC Department of City Planning.,Percent of civilian noninstitutionalized population all ages with an ambulatory difficulty,Melrose South-Mott Haven North,Disability: Ambulatory Difficulty,Percent of civilian noninstitutionalized population all ages with an ambulatory difficulty,9.90
Bronx,"Gray areas on the New York City map include Rikers Island and unpopulated areas such as airports, cemeteries, and parks.",Source: American Community Survey (ACS) 2010-2014 5-year estimates. NTA-level estimates prepared by NYC Department of City Planning.,Percent of civilian noninstitutionalized population all ages with an ambulatory difficulty,Morrisania-Melrose,Disability: Ambulatory Difficulty,Percent of civilian noninstitutionalized population all ages with an ambulatory difficulty,7.60
Bronx,"Gray areas on the New York City map include Rikers Island and unpopulated areas such as airports, cemeteries, and parks.",Source: American Community Survey (ACS) 2010-2014 5-year estimates. NTA-level estimates prepared by NYC Department of City Planning.,Percent of civilian noninstitutionalized population all ages with an ambulatory difficulty,Mott Haven-Port Morris,Disability: Ambulatory Difficulty,Percent of civilian noninstitutionalized population all ages with an ambulatory difficulty,10.90
Bronx,"Gray areas on the New York City map include Rikers Island and unpopulated areas such as airports, cemeteries, and parks.",Source: American Community Survey (ACS) 2010-2014 5-year estimates. NTA-level estimates prepared by NYC Department of City Planning.,Percent of civilian noninstitutionalized population all ages with an ambulatory difficulty,Mount Hope,Disability: Ambulatory Difficulty,Percent of civilian noninstitutionalized population all ages with an ambulatory difficulty,8.60
Bronx,"Gray areas on the New York City map include Rikers Island and unpopulated areas such as airports, cemeteries, and parks.",Source: American Community Survey (ACS) 2010-2014 5-year estimates. NTA-level estimates prepared by NYC Department of City Planning.,Percent of civilian noninstitutionalized population all ages with an ambulatory difficulty,North Riverdale-Fieldston-Riverdale,Disability: Ambulatory Difficulty,Percent of civilian noninstitutionalized population all ages with an ambulatory difficulty,5.60
Bronx,"Gray areas on the New York City map include Rikers Island and unpopulated areas such as airports, cemeteries, and parks.",Source: American Community Survey (ACS) 2010-2014 5-year estimates. NTA-level estimates prepared by NYC Department of City Planning.,Percent of civilian noninstitutionalized population all ages with an ambulatory difficulty,Norwood,Disability: Ambulatory Difficulty,Percent of civilian noninstitutionalized population all ages with an ambulatory difficulty,7.10
Bronx,"Gray areas on the New York City map include Rikers Island and unpopulated areas such as airports, cemeteries, and parks.",Source: American Community Survey (ACS) 2010-2014 5-year estimates. NTA-level estimates prepared by NYC Department of City Planning.,Percent of civilian noninstitutionalized population all ages with an ambulatory difficulty,Parkchester,Disability: Ambulatory Difficulty,Percent of civilian noninstitutionalized population all ages with an ambulatory difficulty,6.50
Bronx,"Gray areas on the New York City map include Rikers Island and unpopulated areas such as airports, cemeteries, and parks.",Source: American Community Survey (ACS) 2010-2014 5-year estimates. NTA-level estimates prepared by NYC Department of City Planning.,Percent of civilian noninstitutionalized population all ages with an ambulatory difficulty,Pelham Bay-Country Club-City Island,Disability: Ambulatory Difficulty,Percent of civilian noninstitutionalized population all ages with an ambulatory difficulty,8.50
Bronx,"Gray areas on the New York City map include Rikers Island and unpopulated areas such as airports, cemeteries, and parks.",Source: American Community Survey (ACS) 2010-2014 5-year estimates. NTA-level estimates prepared by NYC Department of City Planning.,Percent of civilian noninstitutionalized population all ages with an ambulatory difficulty,Pelham Parkway,Disability: Ambulatory Difficulty,Percent of civilian noninstitutionalized population all ages with an ambulatory difficulty,7.30
Bronx,"Gray areas on the New York City map include Rikers Island and unpopulated areas such as airports, cemeteries, and parks.",Source: American Community Survey (ACS) 2010-2014 5-year estimates. NTA-level estimates prepared by NYC Department of City Planning.,Percent of civilian noninstitutionalized population all ages with an ambulatory difficulty,Schuylerville-Throgs Neck-Edgewater Park,Disability: Ambulatory Difficulty,Percent of civilian noninstitutionalized population all ages with an ambulatory difficulty,7.60
Bronx,"Gray areas on the New York City map include Rikers Island and unpopulated areas such as airports, cemeteries, and parks.",Source: American Community Survey (ACS) 2010-2014 5-year estimates. NTA-level estimates prepared by NYC Department of City Planning.,Percent of civilian noninstitutionalized population all ages with an ambulatory difficulty,Soundview-Bruckner,Disability: Ambulatory Difficulty,Percent of civilian noninstitutionalized population all ages with an ambulatory difficulty,6.60
Bronx,"Gray areas on the New York City map include Rikers Island and unpopulated areas such as airports, cemeteries, and parks.",Source: American Community Survey (ACS) 2010-2014 5-year estimates. NTA-level estimates prepared by NYC Department of City Planning.,Percent of civilian noninstitutionalized population all ages with an ambulatory difficulty,Soundview-Castle Hill-Clason Point-Harding Park,Disability: Ambulatory Difficulty,Percent of civilian noninstitutionalized population all ages with an ambulatory difficulty,9.90
Bronx,"Gray areas on the New York City map include Rikers Island and unpopulated areas such as airports, cemeteries, and parks.",Source: American Community Survey (ACS) 2010-2014 5-year estimates. NTA-level estimates prepared by NYC Department of City Planning.,Percent of civilian noninstitutionalized population all ages with an ambulatory difficulty,Spuyten Duyvil-Kingsbridge,Disability: Ambulatory Difficulty,Percent of civilian noninstitutionalized population all ages with an ambulatory difficulty,5.80
Bronx,"Gray areas on the New York City map include Rikers Island and unpopulated areas such as airports, cemeteries, and parks.",Source: American Community Survey (ACS) 2010-2014 5-year estimates. NTA-level estimates prepared by NYC Department of City Planning.,Percent of civilian noninstitutionalized population all ages with an ambulatory difficulty,University Heights-Morris Heights,Disability: Ambulatory Difficulty,Percent of civilian noninstitutionalized population all ages with an ambulatory difficulty,9.40
Bronx,"Gray areas on the New York City map include Rikers Island and unpopulated areas such as airports, cemeteries, and parks.",Source: American Community Survey (ACS) 2010-2014 5-year estimates. NTA-level estimates prepared by NYC Department of City Planning.,Percent of civilian noninstitutionalized population all ages with an ambulatory difficulty,Van Cortlandt Village,Disability: Ambulatory Difficulty,Percent of civilian noninstitutionalized population all ages with an ambulatory difficulty,6.60
Bronx,"Gray areas on the New York City map include Rikers Island and unpopulated areas such as airports, cemeteries, and parks.",Source: American Community Survey (ACS) 2010-2014 5-year estimates. NTA-level estimates prepared by NYC Department of City Planning.,Percent of civilian noninstitutionalized population all ages with an ambulatory difficulty,Van Nest-Morris Park-Westchester Square,Disability: Ambulatory Difficulty,Percent of civilian noninstitutionalized population all ages with an ambulatory difficulty,6.10
Bronx,"Gray areas on the New York City map include Rikers Island and unpopulated areas such as airports, cemeteries, and parks.",Source: American Community Survey (ACS) 2010-2014 5-year estimates. NTA-level estimates prepared by NYC Department of City Planning.,Percent of civilian noninstitutionalized population all ages with an ambulatory difficulty,West Concourse,Disability: Ambulatory Difficulty,Percent of civilian noninstitutionalized population all ages with an ambulatory difficulty,9.10
Bronx,"Gray areas on the New York City map include Rikers Island and unpopulated areas such as airports, cemeteries, and parks.",Source: American Community Survey (ACS) 2010-2014 5-year estimates. NTA-level estimates prepared by NYC Department of City Planning.,Percent of civilian noninstitutionalized population all ages with an ambulatory difficulty,West Farms-Bronx River,Disability: Ambulatory Difficulty,Percent of civilian noninstitutionalized population all ages with an ambulatory difficulty,7.10
Bronx,"Gray areas on the New York City map include Rikers Island and unpopulated areas such as airports, cemeteries, and parks.",Source: American Community Survey (ACS) 2010-2014 5-year estimates. NTA-level estimates prepared by NYC Department of City Planning.,Percent of civilian noninstitutionalized population all ages with an ambulatory difficulty,Westchester-Unionport,Disability: Ambulatory Difficulty,Percent of civilian noninstitutionalized population all ages with an ambulatory difficulty,5.60
Bronx,"Gray areas on the New York City map include Rikers Island and unpopulated areas such as airports, cemeteries, and parks.",Source: American Community Survey (ACS) 2010-2014 5-year estimates. NTA-level estimates prepared by NYC Department of City Planning.,Percent of civilian noninstitutionalized population all ages with an ambulatory difficulty,Williamsbridge-Olinville,Disability: Ambulatory Difficulty,Percent of civilian noninstitutionalized population all ages with an ambulatory difficulty,7.50
Bronx,"Gray areas on the New York City map include Rikers Island and unpopulated areas such as airports, cemeteries, and parks.",Source: American Community Survey (ACS) 2010-2014 5-year estimates. NTA-level estimates prepared by NYC Department of City Planning.,Percent of civilian noninstitutionalized population all ages with an ambulatory difficulty,Woodlawn-Wakefield,Disability: Ambulatory Difficulty,Percent of civilian noninstitutionalized population all ages with an ambulatory difficulty,6.30
Brooklyn,"Gray areas on the New York City map include Rikers Island and unpopulated areas such as airports, cemeteries, and parks.",Source: American Community Survey (ACS) 2010-2014 5-year estimates. NTA-level estimates prepared by NYC Department of City Planning.,Percent of civilian noninstitutionalized population all ages with an ambulatory difficulty,Bath Beach,Disability: Ambulatory Difficulty,Percent of civilian noninstitutionalized population all ages with an ambulatory difficulty,7.40
Brooklyn,"Gray areas on the New York City map include Rikers Island and unpopulated areas such as airports, cemeteries, and parks.",Source: American Community Survey (ACS) 2010-2014 5-year estimates. NTA-level estimates prepared by NYC Department of City Planning.,Percent of civilian noninstitutionalized population all ages with an ambulatory difficulty,Bay Ridge,Disability: Ambulatory Difficulty,Percent of civilian noninstitutionalized population all ages with an ambulatory difficulty,5.70
Brooklyn,"Gray areas on the New York City map include Rikers Island and unpopulated areas such as airports, cemeteries, and parks.",Source: American Community Survey (ACS) 2010-2014 5-year estimates. NTA-level estimates prepared by NYC Department of City Planning.,Percent of civilian noninstitutionalized population all ages with an ambulatory difficulty,Bedford,Disability: Ambulatory Difficulty,Percent of civilian noninstitutionalized population all ages with an ambulatory difficulty,5.90
Brooklyn,"Gray areas on the New York City map include Rikers Island and unpopulated areas such as airports, cemeteries, and parks.",Source: American Community Survey (ACS) 2010-2014 5-year estimates. NTA-level estimates prepared by NYC Department of City Planning.,Percent of civilian noninstitutionalized population all ages with an ambulatory difficulty,Bensonhurst East,Disability: Ambulatory Difficulty,Percent of civilian noninstitutionalized population all ages with an ambulatory difficulty,6.60
Brooklyn,"Gray areas on the New York City map include Rikers Island and unpopulated areas such as airports, cemeteries, and parks.",Source: American Community Survey (ACS) 2010-2014 5-year estimates. NTA-level estimates prepared by NYC Department of City Planning.,Percent of civilian noninstitutionalized population all ages with an ambulatory difficulty,Bensonhurst West,Disability: Ambulatory Difficulty,Percent of civilian noninstitutionalized population all ages with an ambulatory difficulty,6.50
Brooklyn,"Gray areas on the New York City map include Rikers Island and unpopulated areas such as airports, cemeteries, and parks.",Source: American Community Survey (ACS) 2010-2014 5-year estimates. NTA-level estimates prepared by NYC Department of City Planning.,Percent of civilian noninstitutionalized population all ages with an ambulatory difficulty,Borough Park,Disability: Ambulatory Difficulty,Percent of civilian noninstitutionalized population all ages with an ambulatory difficulty,4.80
Brooklyn,"Gray areas on the New York City map include Rikers Island and unpopulated areas such as airports, cemeteries, and parks.",Source: American Community Survey (ACS) 2010-2014 5-year estimates. NTA-level estimates prepared by NYC Department of City Planning.,Percent of civilian noninstitutionalized population all ages with an ambulatory difficulty,Brighton Beach,Disability: Ambulatory Difficulty,Percent of civilian noninstitutionalized population all ages with an ambulatory difficulty,13.90
Brooklyn,"Gray areas on the New York City map include Rikers Island and unpopulated areas such as airports, cemeteries, and parks.",Source: American Community Survey (ACS) 2010-2014 5-year estimates. NTA-level estimates prepared by NYC Department of City Planning.,Percent of civilian noninstitutionalized population all ages with an ambulatory difficulty,Brooklyn Heights-Cobble Hill,Disability: Ambulatory Difficulty,Percent of civilian noninstitutionalized population all ages with an ambulatory difficulty,4.40
Brooklyn,"Gray areas on the New York City map include Rikers Island and unpopulated areas such as airports, cemeteries, and parks.",Source: American Community Survey (ACS) 2010-2014 5-year estimates. NTA-level estimates prepared by NYC Department of City Planning.,Percent of civilian noninstitutionalized population all ages with an ambulatory difficulty,Brownsville,Disability: Ambulatory Difficulty,Percent of civilian noninstitutionalized population all ages with an ambulatory difficulty,6.40
Brooklyn,"Gray areas on the New York City map include Rikers Island and unpopulated areas such as airports, cemeteries, and parks.",Source: American Community Survey (ACS) 2010-2014 5-year estimates. NTA-level estimates prepared by NYC Department of City Planning.,Percent of civilian noninstitutionalized population all ages with an ambulatory difficulty,Bushwick North,Disability: Ambulatory Difficulty,Percent of civilian noninstitutionalized population all ages with an ambulatory difficulty,3.70
Brooklyn,"Gray areas on the New York City map include Rikers Island and unpopulated areas such as airports, cemeteries, and parks.",Source: American Community Survey (ACS) 2010-2014 5-year estimates. NTA-level estimates prepared by NYC Department of City Planning.,Percent of civilian noninstitutionalized population all ages with an ambulatory difficulty,Bushwick South,Disability: Ambulatory Difficulty,Percent of civilian noninstitutionalized population all ages with an ambulatory difficulty,6.00
Brooklyn,"Gray areas on the New York City map include Rikers Island and unpopulated areas such as airports, cemeteries, and parks.",Source: American Community Survey (ACS) 2010-2014 5-year estimates. NTA-level estimates prepared by NYC Department of City Planning.,Percent of civilian noninstitutionalized population all ages with an ambulatory difficulty,Canarsie,Disability: Ambulatory Difficulty,Percent of civilian noninstitutionalized population all ages with an ambulatory difficulty,6.10
Brooklyn,"Gray areas on the New York City map include Rikers Island and unpopulated areas such as airports, cemeteries, and parks.",Source: American Community Survey (ACS) 2010-2014 5-year estimates. NTA-level estimates prepared by NYC Department of City Planning.,Percent of civilian noninstitutionalized population all ages with an ambulatory difficulty,Carroll Gardens-Columbia Street-Red Hook,Disability: Ambulatory Difficulty,Percent of civilian noninstitutionalized population all ages with an ambulatory difficulty,6.80
Brooklyn,"Gray areas on the New York City map include Rikers Island and unpopulated areas such as airports, cemeteries, and parks.",Source: American Community Survey (ACS) 2010-2014 5-year estimates. NTA-level estimates prepared by NYC Department of City Planning.,Percent of civilian noninstitutionalized population all ages with an ambulatory difficulty,Clinton Hill,Disability: Ambulatory Difficulty,Percent of civilian noninstitutionalized population all ages with an ambulatory difficulty,4.30
Brooklyn,"Gray areas on the New York City map include Rikers Island and unpopulated areas such as airports, cemeteries, and parks.",Source: American Community Survey (ACS) 2010-2014 5-year estimates. NTA-level estimates prepared by NYC Department of City Planning.,Percent of civilian noninstitutionalized population all ages with an ambulatory difficulty,Crown Heights North,Disability: Ambulatory Difficulty,Percent of civilian noninstitutionalized population all ages with an ambulatory difficulty,6.80
Brooklyn,"Gray areas on the New York City map include Rikers Island and unpopulated areas such as airports, cemeteries, and parks.",Source: American Community Survey (ACS) 2010-2014 5-year estimates. NTA-level estimates prepared by NYC Department of City Planning.,Percent of civilian noninstitutionalized population all ages with an ambulatory difficulty,Crown Heights South,Disability: Ambulatory Difficulty,Percent of civilian noninstitutionalized population all ages with an ambulatory difficulty,4.60
Brooklyn,"Gray areas on the New York City map include Rikers Island and unpopulated areas such as airports, cemeteries, and parks.",Source: American Community Survey (ACS) 2010-2014 5-year estimates. NTA-level estimates prepared by NYC Department of City Planning.,Percent of civilian noninstitutionalized population all ages with an ambulatory difficulty,Cypress Hills-City Line,Disability: Ambulatory Difficulty,Percent of civilian noninstitutionalized population all ages with an ambulatory difficulty,3.90
Brooklyn,"Gray areas on the New York City map include Rikers Island and unpopulated areas such as airports, cemeteries, and parks.",Source: American Community Survey (ACS) 2010-2014 5-year estimates. NTA-level estimates prepared by NYC Department of City Planning.,Percent of civilian noninstitutionalized population all ages with an ambulatory difficulty,DUMBO-Vinegar Hill-Downtown Brooklyn-Boerum Hill,Disability: Ambulatory Difficulty,Percent of civilian noninstitutionalized population all ages with an ambulatory difficulty,6.20
Brooklyn,"Gray areas on the New York City map include Rikers Island and unpopulated areas such as airports, cemeteries, and parks.",Source: American Community Survey (ACS) 2010-2014 5-year estimates. NTA-level estimates prepared by NYC Department of City Planning.,Percent of civilian noninstitutionalized population all ages with an ambulatory difficulty,Dyker Heights,Disability: Ambulatory Difficulty,Percent of civilian noninstitutionalized population all ages with an ambulatory difficulty,5.70
Brooklyn,"Gray areas on the New York City map include Rikers Island and unpopulated areas such as airports, cemeteries, and parks.",Source: American Community Survey (ACS) 2010-2014 5-year estimates. NTA-level estimates prepared by NYC Department of City Planning.,Percent of civilian noninstitutionalized population all ages with an ambulatory difficulty,East Flatbush-Farragut,Disability: Ambulatory Difficulty,Percent of civilian noninstitutionalized population all ages with an ambulatory difficulty,5.00
Brooklyn,"Gray areas on the New York City map include Rikers Island and unpopulated areas such as airports, cemeteries, and parks.",Source: American Community Survey (ACS) 2010-2014 5-year estimates. NTA-level estimates prepared by NYC Department of City Planning.,Percent of civilian noninstitutionalized population all ages with an ambulatory difficulty,East New York,Disability: Ambulatory Difficulty,Percent of civilian noninstitutionalized population all ages with an ambulatory difficulty,6.80
Brooklyn,"Gray areas on the New York City map include Rikers Island and unpopulated areas such as airports, cemeteries, and parks.",Source: American Community Survey (ACS) 2010-2014 5-year estimates. NTA-level estimates prepared by NYC Department of City Planning.,Percent of civilian noninstitutionalized population all ages with an ambulatory difficulty,East New York (Pennsylvania Ave),Disability: Ambulatory Difficulty,Percent of civilian noninstitutionalized population all ages with an ambulatory difficulty,5.20
Brooklyn,"Gray areas on the New York City map include Rikers Island and unpopulated areas such as airports, cemeteries, and parks.",Source: American Community Survey (ACS) 2010-2014 5-year estimates. NTA-level estimates prepared by NYC Department of City Planning.,Percent of civilian noninstitutionalized population all ages with an ambulatory difficulty,East Williamsburg,Disability: Ambulatory Difficulty,Percent of civilian noninstitutionalized population all ages with an ambulatory difficulty,8.30
Brooklyn,"Gray areas on the New York City map include Rikers Island and unpopulated areas such as airports, cemeteries, and parks.",Source: American Community Survey (ACS) 2010-2014 5-year estimates. NTA-level estimates prepared by NYC Department of City Planning.,Percent of civilian noninstitutionalized population all ages with an ambulatory difficulty,Erasmus,Disability: Ambulatory Difficulty,Percent of civilian noninstitutionalized population all ages with an ambulatory difficulty,4.10
Brooklyn,"Gray areas on the New York City map include Rikers Island and unpopulated areas such as airports, cemeteries, and parks.",Source: American Community Survey (ACS) 2010-2014 5-year estimates. NTA-level estimates prepared by NYC Department of City Planning.,Percent of civilian noninstitutionalized population all ages with an ambulatory difficulty,Flatbush,Disability: Ambulatory Difficulty,Percent of civilian noninstitutionalized population all ages with an ambulatory difficulty,5.80
Brooklyn,"Gray areas on the New York City map include Rikers Island and unpopulated areas such as airports, cemeteries, and parks.",Source: American Community Survey (ACS) 2010-2014 5-year estimates. NTA-level estimates prepared by NYC Department of City Planning.,Percent of civilian noninstitutionalized population all ages with an ambulatory difficulty,Flatlands,Disability: Ambulatory Difficulty,Percent of civilian noninstitutionalized population all ages with an ambulatory difficulty,5.00
Brooklyn,"Gray areas on the New York City map include Rikers Island and unpopulated areas such as airports, cemeteries, and parks.",Source: American Community Survey (ACS) 2010-2014 5-year estimates. NTA-level estimates prepared by NYC Department of City Planning.,Percent of civilian noninstitutionalized population all ages with an ambulatory difficulty,Fort Greene,Disability: Ambulatory Difficulty,Percent of civilian noninstitutionalized population all ages with an ambulatory difficulty,5.90
Brooklyn,"Gray areas on the New York City map include Rikers Island and unpopulated areas such as airports, cemeteries, and parks.",Source: American Community Survey (ACS) 2010-2014 5-year estimates. NTA-level estimates prepared by NYC Department of City Planning.,Percent of civilian noninstitutionalized population all ages with an ambulatory difficulty,Georgetown-Marine Park-Bergen Beach-Mill Basin,Disability: Ambulatory Difficulty,Percent of civilian noninstitutionalized population all ages with an ambulatory difficulty,5.10
Brooklyn,"Gray areas on the New York City map include Rikers Island and unpopulated areas such as airports, cemeteries, and parks.",Source: American Community Survey (ACS) 2010-2014 5-year estimates. NTA-level estimates prepared by NYC Department of City Planning.,Percent of civilian noninstitutionalized population all ages with an ambulatory difficulty,Gravesend,Disability: Ambulatory Difficulty,Percent of civilian noninstitutionalized population all ages with an ambulatory difficulty,10.90
Brooklyn,"Gray areas on the New York City map include Rikers Island and unpopulated areas such as airports, cemeteries, and parks.",Source: American Community Survey (ACS) 2010-2014 5-year estimates. NTA-level estimates prepared by NYC Department of City Planning.,Percent of civilian noninstitutionalized population all ages with an ambulatory difficulty,Greenpoint,Disability: Ambulatory Difficulty,Percent of civilian noninstitutionalized population all ages with an ambulatory difficulty,3.60
Brooklyn,"Gray areas on the New York City map include Rikers Island and unpopulated areas such as airports, cemeteries, and parks.",Source: American Community Survey (ACS) 2010-2014 5-year estimates. NTA-level estimates prepared by NYC Department of City Planning.,Percent of civilian noninstitutionalized population all ages with an ambulatory difficulty,Homecrest,Disability: Ambulatory Difficulty,Percent of civilian noninstitutionalized population all ages with an ambulatory difficulty,6.90
Brooklyn,"Gray areas on the New York City map include Rikers Island and unpopulated areas such as airports, cemeteries, and parks.",Source: American Community Survey (ACS) 2010-2014 5-year estimates. NTA-level estimates prepared by NYC Department of City Planning.,Percent of civilian noninstitutionalized population all ages with an ambulatory difficulty,Kensington-Ocean Parkway,Disability: Ambulatory Difficulty,Percent of civilian noninstitutionalized population all ages with an ambulatory difficulty,7.10
Brooklyn,"Gray areas on the New York City map include Rikers Island and unpopulated areas such as airports, cemeteries, and parks.",Source: American Community Survey (ACS) 2010-2014 5-year estimates. NTA-level estimates prepared by NYC Department of City Planning.,Percent of civilian noninstitutionalized population all ages with an ambulatory difficulty,Madison,Disability: Ambulatory Difficulty,Percent of civilian noninstitutionalized population all ages with an ambulatory difficulty,7.40
Brooklyn,"Gray areas on the New York City map include Rikers Island and unpopulated areas such as airports, cemeteries, and parks.",Source: American Community Survey (ACS) 2010-2014 5-year estimates. NTA-level estimates prepared by NYC Department of City Planning.,Percent of civilian noninstitutionalized population all ages with an ambulatory difficulty,Midwood,Disability: Ambulatory Difficulty,Percent of civilian noninstitutionalized population all ages with an ambulatory difficulty,7.40
Brooklyn,"Gray areas on the New York City map include Rikers Island and unpopulated areas such as airports, cemeteries, and parks.",Source: American Community Survey (ACS) 2010-2014 5-year estimates. NTA-level estimates prepared by NYC Department of City Planning.,Percent of civilian noninstitutionalized population all ages with an ambulatory difficulty,North Side-South Side,Disability: Ambulatory Difficulty,Percent of civilian noninstitutionalized population all ages with an ambulatory difficulty,3.80
Brooklyn,"Gray areas on the New York City map include Rikers Island and unpopulated areas such as airports, cemeteries, and parks.",Source: American Community Survey (ACS) 2010-2014 5-year estimates. NTA-level estimates prepared by NYC Department of City Planning.,Percent of civilian noninstitutionalized population all ages with an ambulatory difficulty,Ocean Hill,Disability: Ambulatory Difficulty,Percent of civilian noninstitutionalized population all ages with an ambulatory difficulty,8.30
Brooklyn,"Gray areas on the New York City map include Rikers Island and unpopulated areas such as airports, cemeteries, and parks.",Source: American Community Survey (ACS) 2010-2014 5-year estimates. NTA-level estimates prepared by NYC Department of City Planning.,Percent of civilian noninstitutionalized population all ages with an ambulatory difficulty,Ocean Parkway South,Disability: Ambulatory Difficulty,Percent of civilian noninstitutionalized population all ages with an ambulatory difficulty,7.40
Brooklyn,"Gray areas on the New York City map include Rikers Island and unpopulated areas such as airports, cemeteries, and parks.",Source: American Community Survey (ACS) 2010-2014 5-year estimates. NTA-level estimates prepared by NYC Department of City Planning.,Percent of civilian noninstitutionalized population all ages with an ambulatory difficulty,Park Slope-Gowanus,Disability: Ambulatory Difficulty,Percent of civilian noninstitutionalized population all ages with an ambulatory difficulty,3.40
Brooklyn,"Gray areas on the New York City map include Rikers Island and unpopulated areas such as airports, cemeteries, and parks.",Source: American Community Survey (ACS) 2010-2014 5-year estimates. NTA-level estimates prepared by NYC Department of City Planning.,Percent of civilian noninstitutionalized population all ages with an ambulatory difficulty,Prospect Heights,Disability: Ambulatory Difficulty,Percent of civilian noninstitutionalized population all ages with an ambulatory difficulty,3.20
Brooklyn,"Gray areas on the New York City map include Rikers Island and unpopulated areas such as airports, cemeteries, and parks.",Source: American Community Survey (ACS) 2010-2014 5-year estimates. NTA-level estimates prepared by NYC Department of City Planning.,Percent of civilian noninstitutionalized population all ages with an ambulatory difficulty,Prospect Lefferts Gardens-Wingate,Disability: Ambulatory Difficulty,Percent of civilian noninstitutionalized population all ages with an ambulatory difficulty,5.60
Brooklyn,"Gray areas on the New York City map include Rikers Island and unpopulated areas such as airports, cemeteries, and parks.",Source: American Community Survey (ACS) 2010-2014 5-year estimates. NTA-level estimates prepared by NYC Department of City Planning.,Percent of civilian noninstitutionalized population all ages with an ambulatory difficulty,Rugby-Remsen Village,Disability: Ambulatory Difficulty,Percent of civilian noninstitutionalized population all ages with an ambulatory difficulty,6.40
Brooklyn,"Gray areas on the New York City map include Rikers Island and unpopulated areas such as airports, cemeteries, and parks.",Source: American Community Survey (ACS) 2010-2014 5-year estimates. NTA-level estimates prepared by NYC Department of City Planning.,Percent of civilian noninstitutionalized population all ages with an ambulatory difficulty,Seagate-Coney Island,Disability: Ambulatory Difficulty,Percent of civilian noninstitutionalized population all ages with an ambulatory difficulty,14.40
Brooklyn,"Gray areas on the New York City map include Rikers Island and unpopulated areas such as airports, cemeteries, and parks.",Source: American Community Survey (ACS) 2010-2014 5-year estimates. NTA-level estimates prepared by NYC Department of City Planning.,Percent of civilian noninstitutionalized population all ages with an ambulatory difficulty,Sheepshead Bay-Gerritsen Beach-Manhattan Beach,Disability: Ambulatory Difficulty,Percent of civilian noninstitutionalized population all ages with an ambulatory difficulty,10.30
Brooklyn,"Gray areas on the New York City map include Rikers Island and unpopulated areas such as airports, cemeteries, and parks.",Source: American Community Survey (ACS) 2010-2014 5-year estimates. NTA-level estimates prepared by NYC Department of City Planning.,Percent of civilian noninstitutionalized population all ages with an ambulatory difficulty,Starrett City,Disability: Ambulatory Difficulty,Percent of civilian noninstitutionalized population all ages with an ambulatory difficulty,16.30
Brooklyn,"Gray areas on the New York City map include Rikers Island and unpopulated areas such as airports, cemeteries, and parks.",Source: American Community Survey (ACS) 2010-2014 5-year estimates. NTA-level estimates prepared by NYC Department of City Planning.,Percent of civilian noninstitutionalized population all ages with an ambulatory difficulty,Stuyvesant Heights,Disability: Ambulatory Difficulty,Percent of civilian noninstitutionalized population all ages with an ambulatory difficulty,7.60
Brooklyn,"Gray areas on the New York City map include Rikers Island and unpopulated areas such as airports, cemeteries, and parks.",Source: American Community Survey (ACS) 2010-2014 5-year estimates. NTA-level estimates prepared by NYC Department of City Planning.,Percent of civilian noninstitutionalized population all ages with an ambulatory difficulty,Sunset Park East,Disability: Ambulatory Difficulty,Percent of civilian noninstitutionalized population all ages with an ambulatory difficulty,4.50
Brooklyn,"Gray areas on the New York City map include Rikers Island and unpopulated areas such as airports, cemeteries, and parks.",Source: American Community Survey (ACS) 2010-2014 5-year estimates. NTA-level estimates prepared by NYC Department of City Planning.,Percent of civilian noninstitutionalized population all ages with an ambulatory difficulty,Sunset Park West,Disability: Ambulatory Difficulty,Percent of civilian noninstitutionalized population all ages with an ambulatory difficulty,5.00
Brooklyn,"Gray areas on the New York City map include Rikers Island and unpopulated areas such as airports, cemeteries, and parks.",Source: American Community Survey (ACS) 2010-2014 5-year estimates. NTA-level estimates prepared by NYC Department of City Planning.,Percent of civilian noninstitutionalized population all ages with an ambulatory difficulty,West Brighton,Disability: Ambulatory Difficulty,Percent of civilian noninstitutionalized population all ages with an ambulatory difficulty,17.20
Brooklyn,"Gray areas on the New York City map include Rikers Island and unpopulated areas such as airports, cemeteries, and parks.",Source: American Community Survey (ACS) 2010-2014 5-year estimates. NTA-level estimates prepared by NYC Department of City Planning.,Percent of civilian noninstitutionalized population all ages with an ambulatory difficulty,Williamsburg,Disability: Ambulatory Difficulty,Percent of civilian noninstitutionalized population all ages with an ambulatory difficulty,3.80
Brooklyn,"Gray areas on the New York City map include Rikers Island and unpopulated areas such as airports, cemeteries, and parks.",Source: American Community Survey (ACS) 2010-2014 5-year estimates. NTA-level estimates prepared by NYC Department of City Planning.,Percent of civilian noninstitutionalized population all ages with an ambulatory difficulty,Windsor Terrace,Disability: Ambulatory Difficulty,Percent of civilian noninstitutionalized population all ages with an ambulatory difficulty,4.70
Manhattan,"Gray areas on the New York City map include Rikers Island and unpopulated areas such as airports, cemeteries, and parks.",Source: American Community Survey (ACS) 2010-2014 5-year estimates. NTA-level estimates prepared by NYC Department of City Planning.,Percent of civilian noninstitutionalized population all ages with an ambulatory difficulty,Battery Park City-Lower Manhattan,Disability: Ambulatory Difficulty,Percent of civilian noninstitutionalized population all ages with an ambulatory difficulty,2.40
Manhattan,"Gray areas on the New York City map include Rikers Island and unpopulated areas such as airports, cemeteries, and parks.",Source: American Community Survey (ACS) 2010-2014 5-year estimates. NTA-level estimates prepared by NYC Department of City Planning.,Percent of civilian noninstitutionalized population all ages with an ambulatory difficulty,Central Harlem North-Polo Grounds,Disability: Ambulatory Difficulty,Percent of civilian noninstitutionalized population all ages with an ambulatory difficulty,10.10
Manhattan,"Gray areas on the New York City map include Rikers Island and unpopulated areas such as airports, cemeteries, and parks.",Source: American Community Survey (ACS) 2010-2014 5-year estimates. NTA-level estimates prepared by NYC Department of City Planning.,Percent of civilian noninstitutionalized population all ages with an ambulatory difficulty,Central Harlem South,Disability: Ambulatory Difficulty,Percent of civilian noninstitutionalized population all ages with an ambulatory difficulty,6.90
Manhattan,"Gray areas on the New York City map include Rikers Island and unpopulated areas such as airports, cemeteries, and parks.",Source: American Community Survey (ACS) 2010-2014 5-year estimates. NTA-level estimates prepared by NYC Department of City Planning.,Percent of civilian noninstitutionalized population all ages with an ambulatory difficulty,Chinatown,Disability: Ambulatory Difficulty,Percent of civilian noninstitutionalized population all ages with an ambulatory difficulty,7.50
Manhattan,"Gray areas on the New York City map include Rikers Island and unpopulated areas such as airports, cemeteries, and parks.",Source: American Community Survey (ACS) 2010-2014 5-year estimates. NTA-level estimates prepared by NYC Department of City Planning.,Percent of civilian noninstitutionalized population all ages with an ambulatory difficulty,Clinton,Disability: Ambulatory Difficulty,Percent of civilian noninstitutionalized population all ages with an ambulatory difficulty,6.10
Manhattan,"Gray areas on the New York City map include Rikers Island and unpopulated areas such as airports, cemeteries, and parks.",Source: American Community Survey (ACS) 2010-2014 5-year estimates. NTA-level estimates prepared by NYC Department of City Planning.,Percent of civilian noninstitutionalized population all ages with an ambulatory difficulty,East Harlem North,Disability: Ambulatory Difficulty,Percent of civilian noninstitutionalized population all ages with an ambulatory difficulty,9.70
Manhattan,"Gray areas on the New York City map include Rikers Island and unpopulated areas such as airports, cemeteries, and parks.",Source: American Community Survey (ACS) 2010-2014 5-year estimates. NTA-level estimates prepared by NYC Department of City Planning.,Percent of civilian noninstitutionalized population all ages with an ambulatory difficulty,East Harlem South,Disability: Ambulatory Difficulty,Percent of civilian noninstitutionalized population all ages with an ambulatory difficulty,7.20
Manhattan,"Gray areas on the New York City map include Rikers Island and unpopulated areas such as airports, cemeteries, and parks.",Source: American Community Survey (ACS) 2010-2014 5-year estimates. NTA-level estimates prepared by NYC Department of City Planning.,Percent of civilian noninstitutionalized population all ages with an ambulatory difficulty,East Village,Disability: Ambulatory Difficulty,Percent of civilian noninstitutionalized population all ages with an ambulatory difficulty,4.10
Manhattan,"Gray areas on the New York City map include Rikers Island and unpopulated areas such as airports, cemeteries, and parks.",Source: American Community Survey (ACS) 2010-2014 5-year estimates. NTA-level estimates prepared by NYC Department of City Planning.,Percent of civilian noninstitutionalized population all ages with an ambulatory difficulty,Gramercy,Disability: Ambulatory Difficulty,Percent of civilian noninstitutionalized population all ages with an ambulatory difficulty,3.40
Manhattan,"Gray areas on the New York City map include Rikers Island and unpopulated areas such as airports, cemeteries, and parks.",Source: American Community Survey (ACS) 2010-2014 5-year estimates. NTA-level estimates prepared by NYC Department of City Planning.,Percent of civilian noninstitutionalized population all ages with an ambulatory difficulty,Hamilton Heights,Disability: Ambulatory Difficulty,Percent of civilian noninstitutionalized population all ages with an ambulatory difficulty,8.70
Manhattan,"Gray areas on the New York City map include Rikers Island and unpopulated areas such as airports, cemeteries, and parks.",Source: American Community Survey (ACS) 2010-2014 5-year estimates. NTA-level estimates prepared by NYC Department of City Planning.,Percent of civilian noninstitutionalized population all ages with an ambulatory difficulty,Hudson Yards-Chelsea-Flat Iron-Union Square,Disability: Ambulatory Difficulty,Percent of civilian noninstitutionalized population all ages with an ambulatory difficulty,3.50
Manhattan,"Gray areas on the New York City map include Rikers Island and unpopulated areas such as airports, cemeteries, and parks.",Source: American Community Survey (ACS) 2010-2014 5-year estimates. NTA-level estimates prepared by NYC Department of City Planning.,Percent of civilian noninstitutionalized population all ages with an ambulatory difficulty,Lenox Hill-Roosevelt Island,Disability: Ambulatory Difficulty,Percent of civilian noninstitutionalized population all ages with an ambulatory difficulty,3.70
Manhattan,"Gray areas on the New York City map include Rikers Island and unpopulated areas such as airports, cemeteries, and parks.",Source: American Community Survey (ACS) 2010-2014 5-year estimates. NTA-level estimates prepared by NYC Department of City Planning.,Percent of civilian noninstitutionalized population all ages with an ambulatory difficulty,Lincoln Square,Disability: Ambulatory Difficulty,Percent of civilian noninstitutionalized population all ages with an ambulatory difficulty,4.20
Manhattan,"Gray areas on the New York City map include Rikers Island and unpopulated areas such as airports, cemeteries, and parks.",Source: American Community Survey (ACS) 2010-2014 5-year estimates. NTA-level estimates prepared by NYC Department of City Planning.,Percent of civilian noninstitutionalized population all ages with an ambulatory difficulty,Lower East Side,Disability: Ambulatory Difficulty,Percent of civilian noninstitutionalized population all ages with an ambulatory difficulty,12.10
Manhattan,"Gray areas on the New York City map include Rikers Island and unpopulated areas such as airports, cemeteries, and parks.",Source: American Community Survey (ACS) 2010-2014 5-year estimates. NTA-level estimates prepared by NYC Department of City Planning.,Percent of civilian noninstitutionalized population all ages with an ambulatory difficulty,Manhattanville,Disability: Ambulatory Difficulty,Percent of civilian noninstitutionalized population all ages with an ambulatory difficulty,9.30
Manhattan,"Gray areas on the New York City map include Rikers Island and unpopulated areas such as airports, cemeteries, and parks.",Source: American Community Survey (ACS) 2010-2014 5-year estimates. NTA-level estimates prepared by NYC Department of City Planning.,Percent of civilian noninstitutionalized population all ages with an ambulatory difficulty,Marble Hill-Inwood,Disability: Ambulatory Difficulty,Percent of civilian noninstitutionalized population all ages with an ambulatory difficulty,5.90
Manhattan,"Gray areas on the New York City map include Rikers Island and unpopulated areas such as airports, cemeteries, and parks.",Source: American Community Survey (ACS) 2010-2014 5-year estimates. NTA-level estimates prepared by NYC Department of City Planning.,Percent of civilian noninstitutionalized population all ages with an ambulatory difficulty,Midtown-Midtown South,Disability: Ambulatory Difficulty,Percent of civilian noninstitutionalized population all ages with an ambulatory difficulty,3.30
Manhattan,"Gray areas on the New York City map include Rikers Island and unpopulated areas such as airports, cemeteries, and parks.",Source: American Community Survey (ACS) 2010-2014 5-year estimates. NTA-level estimates prepared by NYC Department of City Planning.,Percent of civilian noninstitutionalized population all ages with an ambulatory difficulty,Morningside Heights,Disability: Ambulatory Difficulty,Percent of civilian noninstitutionalized population all ages with an ambulatory difficulty,6.10
Manhattan,"Gray areas on the New York City map include Rikers Island and unpopulated areas such as airports, cemeteries, and parks.",Source: American Community Survey (ACS) 2010-2014 5-year estimates. NTA-level estimates prepared by NYC Department of City Planning.,Percent of civilian noninstitutionalized population all ages with an ambulatory difficulty,Murray Hill-Kips Bay,Disability: Ambulatory Difficulty,Percent of civilian noninstitutionalized population all ages with an ambulatory difficulty,4.00
Manhattan,"Gray areas on the New York City map include Rikers Island and unpopulated areas such as airports, cemeteries, and parks.",Source: American Community Survey (ACS) 2010-2014 5-year estimates. NTA-level estimates prepared by NYC Department of City Planning.,Percent of civilian noninstitutionalized population all ages with an ambulatory difficulty,SoHo-TriBeCa-Civic Center-Little Italy,Disability: Ambulatory Difficulty,Percent of civilian noninstitutionalized population all ages with an ambulatory difficulty,3.90
Manhattan,"Gray areas on the New York City map include Rikers Island and unpopulated areas such as airports, cemeteries, and parks.",Source: American Community Survey (ACS) 2010-2014 5-year estimates. NTA-level estimates prepared by NYC Department of City Planning.,Percent of civilian noninstitutionalized population all ages with an ambulatory difficulty,Stuyvesant Town-Cooper Village,Disability: Ambulatory Difficulty,Percent of civilian noninstitutionalized population all ages with an ambulatory difficulty,5.00
Manhattan,"Gray areas on the New York City map include Rikers Island and unpopulated areas such as airports, cemeteries, and parks.",Source: American Community Survey (ACS) 2010-2014 5-year estimates. NTA-level estimates prepared by NYC Department of City Planning.,Percent of civilian noninstitutionalized population all ages with an ambulatory difficulty,Turtle Bay-East Midtown,Disability: Ambulatory Difficulty,Percent of civilian noninstitutionalized population all ages with an ambulatory difficulty,4.10
Manhattan,"Gray areas on the New York City map include Rikers Island and unpopulated areas such as airports, cemeteries, and parks.",Source: American Community Survey (ACS) 2010-2014 5-year estimates. NTA-level estimates prepared by NYC Department of City Planning.,Percent of civilian noninstitutionalized population all ages with an ambulatory difficulty,Upper East Side-Carnegie Hill,Disability: Ambulatory Difficulty,Percent of civilian noninstitutionalized population all ages with an ambulatory difficulty,4.20
Manhattan,"Gray areas on the New York City map include Rikers Island and unpopulated areas such as airports, cemeteries, and parks.",Source: American Community Survey (ACS) 2010-2014 5-year estimates. NTA-level estimates prepared by NYC Department of City Planning.,Percent of civilian noninstitutionalized population all ages with an ambulatory difficulty,Upper West Side,Disability: Ambulatory Difficulty,Percent of civilian noninstitutionalized population all ages with an ambulatory difficulty,5.60
Manhattan,"Gray areas on the New York City map include Rikers Island and unpopulated areas such as airports, cemeteries, and parks.",Source: American Community Survey (ACS) 2010-2014 5-year estimates. NTA-level estimates prepared by NYC Department of City Planning.,Percent of civilian noninstitutionalized population all ages with an ambulatory difficulty,Washington Heights North,Disability: Ambulatory Difficulty,Percent of civilian noninstitutionalized population all ages with an ambulatory difficulty,5.50
Manhattan,"Gray areas on the New York City map include Rikers Island and unpopulated areas such as airports, cemeteries, and parks.",Source: American Community Survey (ACS) 2010-2014 5-year estimates. NTA-level estimates prepared by NYC Department of City Planning.,Percent of civilian noninstitutionalized population all ages with an ambulatory difficulty,Washington Heights South,Disability: Ambulatory Difficulty,Percent of civilian noninstitutionalized population all ages with an ambulatory difficulty,7.90
Manhattan,"Gray areas on the New York City map include Rikers Island and unpopulated areas such as airports, cemeteries, and parks.",Source: American Community Survey (ACS) 2010-2014 5-year estimates. NTA-level estimates prepared by NYC Department of City Planning.,Percent of civilian noninstitutionalized population all ages with an ambulatory difficulty,West Village,Disability: Ambulatory Difficulty,Percent of civilian noninstitutionalized population all ages with an ambulatory difficulty,3.30
Manhattan,"Gray areas on the New York City map include Rikers Island and unpopulated areas such as airports, cemeteries, and parks.",Source: American Community Survey (ACS) 2010-2014 5-year estimates. NTA-level estimates prepared by NYC Department of City Planning.,Percent of civilian noninstitutionalized population all ages with an ambulatory difficulty,Yorkville,Disability: Ambulatory Difficulty,Percent of civilian noninstitutionalized population all ages with an ambulatory difficulty,5.30
Queens,"Gray areas on the New York City map include Rikers Island and unpopulated areas such as airports, cemeteries, and parks.",Source: American Community Survey (ACS) 2010-2014 5-year estimates. NTA-level estimates prepared by NYC Department of City Planning.,Percent of civilian noninstitutionalized population all ages with an ambulatory difficulty,Astoria,Disability: Ambulatory Difficulty,Percent of civilian noninstitutionalized population all ages with an ambulatory difficulty,5.60
Queens,"Gray areas on the New York City map include Rikers Island and unpopulated areas such as airports, cemeteries, and parks.",Source: American Community Survey (ACS) 2010-2014 5-year estimates. NTA-level estimates prepared by NYC Department of City Planning.,Percent of civilian noninstitutionalized population all ages with an ambulatory difficulty,Auburndale,Disability: Ambulatory Difficulty,Percent of civilian noninstitutionalized population all ages with an ambulatory difficulty,4.80
Queens,"Gray areas on the New York City map include Rikers Island and unpopulated areas such as airports, cemeteries, and parks.",Source: American Community Survey (ACS) 2010-2014 5-year estimates. NTA-level estimates prepared by NYC Department of City Planning.,Percent of civilian noninstitutionalized population all ages with an ambulatory difficulty,Baisley Park,Disability: Ambulatory Difficulty,Percent of civilian noninstitutionalized population all ages with an ambulatory difficulty,6.70
Queens,"Gray areas on the New York City map include Rikers Island and unpopulated areas such as airports, cemeteries, and parks.",Source: American Community Survey (ACS) 2010-2014 5-year estimates. NTA-level estimates prepared by NYC Department of City Planning.,Percent of civilian noninstitutionalized population all ages with an ambulatory difficulty,Bayside-Bayside Hills,Disability: Ambulatory Difficulty,Percent of civilian noninstitutionalized population all ages with an ambulatory difficulty,4.60
Queens,"Gray areas on the New York City map include Rikers Island and unpopulated areas such as airports, cemeteries, and parks.",Source: American Community Survey (ACS) 2010-2014 5-year estimates. NTA-level estimates prepared by NYC Department of City Planning.,Percent of civilian noninstitutionalized population all ages with an ambulatory difficulty,Bellerose,Disability: Ambulatory Difficulty,Percent of civilian noninstitutionalized population all ages with an ambulatory difficulty,6.10
Queens,"Gray areas on the New York City map include Rikers Island and unpopulated areas such as airports, cemeteries, and parks.",Source: American Community Survey (ACS) 2010-2014 5-year estimates. NTA-level estimates prepared by NYC Department of City Planning.,Percent of civilian noninstitutionalized population all ages with an ambulatory difficulty,Breezy Point-Belle Harbor-Rockaway Park-Broad Channel,Disability: Ambulatory Difficulty,Percent of civilian noninstitutionalized population all ages with an ambulatory difficulty,7.90
Queens,"Gray areas on the New York City map include Rikers Island and unpopulated areas such as airports, cemeteries, and parks.",Source: American Community Survey (ACS) 2010-2014 5-year estimates. NTA-level estimates prepared by NYC Department of City Planning.,Percent of civilian noninstitutionalized population all ages with an ambulatory difficulty,Briarwood-Jamaica Hills,Disability: Ambulatory Difficulty,Percent of civilian noninstitutionalized population all ages with an ambulatory difficulty,4.90
Queens,"Gray areas on the New York City map include Rikers Island and unpopulated areas such as airports, cemeteries, and parks.",Source: American Community Survey (ACS) 2010-2014 5-year estimates. NTA-level estimates prepared by NYC Department of City Planning.,Percent of civilian noninstitutionalized population all ages with an ambulatory difficulty,Cambria Heights,Disability: Ambulatory Difficulty,Percent of civilian noninstitutionalized population all ages with an ambulatory difficulty,5.20
Queens,"Gray areas on the New York City map include Rikers Island and unpopulated areas such as airports, cemeteries, and parks.",Source: American Community Survey (ACS) 2010-2014 5-year estimates. NTA-level estimates prepared by NYC Department of City Planning.,Percent of civilian noninstitutionalized population all ages with an ambulatory difficulty,College Point,Disability: Ambulatory Difficulty,Percent of civilian noninstitutionalized population all ages with an ambulatory difficulty,4.60
Queens,"Gray areas on the New York City map include Rikers Island and unpopulated areas such as airports, cemeteries, and parks.",Source: American Community Survey (ACS) 2010-2014 5-year estimates. NTA-level estimates prepared by NYC Department of City Planning.,Percent of civilian noninstitutionalized population all ages with an ambulatory difficulty,Corona,Disability: Ambulatory Difficulty,Percent of civilian noninstitutionalized population all ages with an ambulatory difficulty,5.70
Queens,"Gray areas on the New York City map include Rikers Island and unpopulated areas such as airports, cemeteries, and parks.",Source: American Community Survey (ACS) 2010-2014 5-year estimates. NTA-level estimates prepared by NYC Department of City Planning.,Percent of civilian noninstitutionalized population all ages with an ambulatory difficulty,Douglas Manor-Douglaston-Little Neck,Disability: Ambulatory Difficulty,Percent of civilian noninstitutionalized population all ages with an ambulatory difficulty,5.30
Queens,"Gray areas on the New York City map include Rikers Island and unpopulated areas such as airports, cemeteries, and parks.",Source: American Community Survey (ACS) 2010-2014 5-year estimates. NTA-level estimates prepared by NYC Department of City Planning.,Percent of civilian noninstitutionalized population all ages with an ambulatory difficulty,East Elmhurst,Disability: Ambulatory Difficulty,Percent of civilian noninstitutionalized population all ages with an ambulatory difficulty,4.60
Queens,"Gray areas on the New York City map include Rikers Island and unpopulated areas such as airports, cemeteries, and parks.",Source: American Community Survey (ACS) 2010-2014 5-year estimates. NTA-level estimates prepared by NYC Department of City Planning.,Percent of civilian noninstitutionalized population all ages with an ambulatory difficulty,East Flushing,Disability: Ambulatory Difficulty,Percent of civilian noninstitutionalized population all ages with an ambulatory difficulty,4.70
Queens,"Gray areas on the New York City map include Rikers Island and unpopulated areas such as airports, cemeteries, and parks.",Source: American Community Survey (ACS) 2010-2014 5-year estimates. NTA-level estimates prepared by NYC Department of City Planning.,Percent of civilian noninstitutionalized population all ages with an ambulatory difficulty,Elmhurst,Disability: Ambulatory Difficulty,Percent of civilian noninstitutionalized population all ages with an ambulatory difficulty,4.10
Queens,"Gray areas on the New York City map include Rikers Island and unpopulated areas such as airports, cemeteries, and parks.",Source: American Community Survey (ACS) 2010-2014 5-year estimates. NTA-level estimates prepared by NYC Department of City Planning.,Percent of civilian noninstitutionalized population all ages with an ambulatory difficulty,Elmhurst-Maspeth,Disability: Ambulatory Difficulty,Percent of civilian noninstitutionalized population all ages with an ambulatory difficulty,3.80
Queens,"Gray areas on the New York City map include Rikers Island and unpopulated areas such as airports, cemeteries, and parks.",Source: American Community Survey (ACS) 2010-2014 5-year estimates. NTA-level estimates prepared by NYC Department of City Planning.,Percent of civilian noninstitutionalized population all ages with an ambulatory difficulty,Far Rockaway-Bayswater,Disability: Ambulatory Difficulty,Percent of civilian noninstitutionalized population all ages with an ambulatory difficulty,9.00
Queens,"Gray areas on the New York City map include Rikers Island and unpopulated areas such as airports, cemeteries, and parks.",Source: American Community Survey (ACS) 2010-2014 5-year estimates. NTA-level estimates prepared by NYC Department of City Planning.,Percent of civilian noninstitutionalized population all ages with an ambulatory difficulty,Flushing,Disability: Ambulatory Difficulty,Percent of civilian noninstitutionalized population all ages with an ambulatory difficulty,6.70
Queens,"Gray areas on the New York City map include Rikers Island and unpopulated areas such as airports, cemeteries, and parks.",Source: American Community Survey (ACS) 2010-2014 5-year estimates. NTA-level estimates prepared by NYC Department of City Planning.,Percent of civilian noninstitutionalized population all ages with an ambulatory difficulty,Forest Hills,Disability: Ambulatory Difficulty,Percent of civilian noninstitutionalized population all ages with an ambulatory difficulty,6.70
Queens,"Gray areas on the New York City map include Rikers Island and unpopulated areas such as airports, cemeteries, and parks.",Source: American Community Survey (ACS) 2010-2014 5-year estimates. NTA-level estimates prepared by NYC Department of City Planning.,Percent of civilian noninstitutionalized population all ages with an ambulatory difficulty,Fresh Meadows-Utopia,Disability: Ambulatory Difficulty,Percent of civilian noninstitutionalized population all ages with an ambulatory difficulty,5.00
Queens,"Gray areas on the New York City map include Rikers Island and unpopulated areas such as airports, cemeteries, and parks.",Source: American Community Survey (ACS) 2010-2014 5-year estimates. NTA-level estimates prepared by NYC Department of City Planning.,Percent of civilian noninstitutionalized population all ages with an ambulatory difficulty,Ft. Totten-Bay Terrace-Clearview,Disability: Ambulatory Difficulty,Percent of civilian noninstitutionalized population all ages with an ambulatory difficulty,9.70
Queens,"Gray areas on the New York City map include Rikers Island and unpopulated areas such as airports, cemeteries, and parks.",Source: American Community Survey (ACS) 2010-2014 5-year estimates. NTA-level estimates prepared by NYC Department of City Planning.,Percent of civilian noninstitutionalized population all ages with an ambulatory difficulty,Glen Oaks-Floral Park-New Hyde Park,Disability: Ambulatory Difficulty,Percent of civilian noninstitutionalized population all ages with an ambulatory difficulty,8.80
Queens,"Gray areas on the New York City map include Rikers Island and unpopulated areas such as airports, cemeteries, and parks.",Source: American Community Survey (ACS) 2010-2014 5-year estimates. NTA-level estimates prepared by NYC Department of City Planning.,Percent of civilian noninstitutionalized population all ages with an ambulatory difficulty,Glendale,Disability: Ambulatory Difficulty,Percent of civilian noninstitutionalized population all ages with an ambulatory difficulty,4.80
Queens,"Gray areas on the New York City map include Rikers Island and unpopulated areas such as airports, cemeteries, and parks.",Source: American Community Survey (ACS) 2010-2014 5-year estimates. NTA-level estimates prepared by NYC Department of City Planning.,Percent of civilian noninstitutionalized population all ages with an ambulatory difficulty,Hammels-Arverne-Edgemere,Disability: Ambulatory Difficulty,Percent of civilian noninstitutionalized population all ages with an ambulatory difficulty,8.70
Queens,"Gray areas on the New York City map include Rikers Island and unpopulated areas such as airports, cemeteries, and parks.",Source: American Community Survey (ACS) 2010-2014 5-year estimates. NTA-level estimates prepared by NYC Department of City Planning.,Percent of civilian noninstitutionalized population all ages with an ambulatory difficulty,Hollis,Disability: Ambulatory Difficulty,Percent of civilian noninstitutionalized population all ages with an ambulatory difficulty,7.10
Queens,"Gray areas on the New York City map include Rikers Island and unpopulated areas such as airports, cemeteries, and parks.",Source: American Community Survey (ACS) 2010-2014 5-year estimates. NTA-level estimates prepared by NYC Department of City Planning.,Percent of civilian noninstitutionalized population all ages with an ambulatory difficulty,Hunters Point-Sunnyside-West Maspeth,Disability: Ambulatory Difficulty,Percent of civilian noninstitutionalized population all ages with an ambulatory difficulty,3.80
Queens,"Gray areas on the New York City map include Rikers Island and unpopulated areas such as airports, cemeteries, and parks.",Source: American Community Survey (ACS) 2010-2014 5-year estimates. NTA-level estimates prepared by NYC Department of City Planning.,Percent of civilian noninstitutionalized population all ages with an ambulatory difficulty,Jackson Heights,Disability: Ambulatory Difficulty,Percent of civilian noninstitutionalized population all ages with an ambulatory difficulty,4.80
Queens,"Gray areas on the New York City map include Rikers Island and unpopulated areas such as airports, cemeteries, and parks.",Source: American Community Survey (ACS) 2010-2014 5-year estimates. NTA-level estimates prepared by NYC Department of City Planning.,Percent of civilian noninstitutionalized population all ages with an ambulatory difficulty,Jamaica,Disability: Ambulatory Difficulty,Percent of civilian noninstitutionalized population all ages with an ambulatory difficulty,6.20
Queens,"Gray areas on the New York City map include Rikers Island and unpopulated areas such as airports, cemeteries, and parks.",Source: American Community Survey (ACS) 2010-2014 5-year estimates. NTA-level estimates prepared by NYC Department of City Planning.,Percent of civilian noninstitutionalized population all ages with an ambulatory difficulty,Jamaica Estates-Holliswood,Disability: Ambulatory Difficulty,Percent of civilian noninstitutionalized population all ages with an ambulatory difficulty,6.30
Queens,"Gray areas on the New York City map include Rikers Island and unpopulated areas such as airports, cemeteries, and parks.",Source: American Community Survey (ACS) 2010-2014 5-year estimates. NTA-level estimates prepared by NYC Department of City Planning.,Percent of civilian noninstitutionalized population all ages with an ambulatory difficulty,Kew Gardens,Disability: Ambulatory Difficulty,Percent of civilian noninstitutionalized population all ages with an ambulatory difficulty,4.80
Queens,"Gray areas on the New York City map include Rikers Island and unpopulated areas such as airports, cemeteries, and parks.",Source: American Community Survey (ACS) 2010-2014 5-year estimates. NTA-level estimates prepared by NYC Department of City Planning.,Percent of civilian noninstitutionalized population all ages with an ambulatory difficulty,Kew Gardens Hills,Disability: Ambulatory Difficulty,Percent of civilian noninstitutionalized population all ages with an ambulatory difficulty,5.80
Queens,"Gray areas on the New York City map include Rikers Island and unpopulated areas such as airports, cemeteries, and parks.",Source: American Community Survey (ACS) 2010-2014 5-year estimates. NTA-level estimates prepared by NYC Department of City Planning.,Percent of civilian noninstitutionalized population all ages with an ambulatory difficulty,Laurelton,Disability: Ambulatory Difficulty,Percent of civilian noninstitutionalized population all ages with an ambulatory difficulty,6.40
Queens,"Gray areas on the New York City map include Rikers Island and unpopulated areas such as airports, cemeteries, and parks.",Source: American Community Survey (ACS) 2010-2014 5-year estimates. NTA-level estimates prepared by NYC Department of City Planning.,Percent of civilian noninstitutionalized population all ages with an ambulatory difficulty,Lindenwood-Howard Beach,Disability: Ambulatory Difficulty,Percent of civilian noninstitutionalized population all ages with an ambulatory difficulty,8.40
Queens,"Gray areas on the New York City map include Rikers Island and unpopulated areas such as airports, cemeteries, and parks.",Source: American Community Survey (ACS) 2010-2014 5-year estimates. NTA-level estimates prepared by NYC Department of City Planning.,Percent of civilian noninstitutionalized population all ages with an ambulatory difficulty,Maspeth,Disability: Ambulatory Difficulty,Percent of civilian noninstitutionalized population all ages with an ambulatory difficulty,4.50
Queens,"Gray areas on the New York City map include Rikers Island and unpopulated areas such as airports, cemeteries, and parks.",Source: American Community Survey (ACS) 2010-2014 5-year estimates. NTA-level estimates prepared by NYC Department of City Planning.,Percent of civilian noninstitutionalized population all ages with an ambulatory difficulty,Middle Village,Disability: Ambulatory Difficulty,Percent of civilian noninstitutionalized population all ages with an ambulatory difficulty,5.70
Queens,"Gray areas on the New York City map include Rikers Island and unpopulated areas such as airports, cemeteries, and parks.",Source: American Community Survey (ACS) 2010-2014 5-year estimates. NTA-level estimates prepared by NYC Department of City Planning.,Percent of civilian noninstitutionalized population all ages with an ambulatory difficulty,Murray Hill,Disability: Ambulatory Difficulty,Percent of civilian noninstitutionalized population all ages with an ambulatory difficulty,4.90
Queens,"Gray areas on the New York City map include Rikers Island and unpopulated areas such as airports, cemeteries, and parks.",Source: American Community Survey (ACS) 2010-2014 5-year estimates. NTA-level estimates prepared by NYC Department of City Planning.,Percent of civilian noninstitutionalized population all ages with an ambulatory difficulty,North Corona,Disability: Ambulatory Difficulty,Percent of civilian noninstitutionalized population all ages with an ambulatory difficulty,3.90
Queens,"Gray areas on the New York City map include Rikers Island and unpopulated areas such as airports, cemeteries, and parks.",Source: American Community Survey (ACS) 2010-2014 5-year estimates. NTA-level estimates prepared by NYC Department of City Planning.,Percent of civilian noninstitutionalized population all ages with an ambulatory difficulty,Oakland Gardens,Disability: Ambulatory Difficulty,Percent of civilian noninstitutionalized population all ages with an ambulatory difficulty,5.40
Queens,"Gray areas on the New York City map include Rikers Island and unpopulated areas such as airports, cemeteries, and parks.",Source: American Community Survey (ACS) 2010-2014 5-year estimates. NTA-level estimates prepared by NYC Department of City Planning.,Percent of civilian noninstitutionalized population all ages with an ambulatory difficulty,Old Astoria,Disability: Ambulatory Difficulty,Percent of civilian noninstitutionalized population all ages with an ambulatory difficulty,6.40
Queens,"Gray areas on the New York City map include Rikers Island and unpopulated areas such as airports, cemeteries, and parks.",Source: American Community Survey (ACS) 2010-2014 5-year estimates. NTA-level estimates prepared by NYC Department of City Planning.,Percent of civilian noninstitutionalized population all ages with an ambulatory difficulty,Ozone Park,Disability: Ambulatory Difficulty,Percent of civilian noninstitutionalized population all ages with an ambulatory difficulty,6.10
Queens,"Gray areas on the New York City map include Rikers Island and unpopulated areas such as airports, cemeteries, and parks.",Source: American Community Survey (ACS) 2010-2014 5-year estimates. NTA-level estimates prepared by NYC Department of City Planning.,Percent of civilian noninstitutionalized population all ages with an ambulatory difficulty,Pomonok-Flushing Heights-Hillcrest,Disability: Ambulatory Difficulty,Percent of civilian noninstitutionalized population all ages with an ambulatory difficulty,6.10
Queens,"Gray areas on the New York City map include Rikers Island and unpopulated areas such as airports, cemeteries, and parks.",Source: American Community Survey (ACS) 2010-2014 5-year estimates. NTA-level estimates prepared by NYC Department of City Planning.,Percent of civilian noninstitutionalized population all ages with an ambulatory difficulty,Queens Village,Disability: Ambulatory Difficulty,Percent of civilian noninstitutionalized population all ages with an ambulatory difficulty,5.70
Queens,"Gray areas on the New York City map include Rikers Island and unpopulated areas such as airports, cemeteries, and parks.",Source: American Community Survey (ACS) 2010-2014 5-year estimates. NTA-level estimates prepared by NYC Department of City Planning.,Percent of civilian noninstitutionalized population all ages with an ambulatory difficulty,Queensboro Hill,Disability: Ambulatory Difficulty,Percent of civilian noninstitutionalized population all ages with an ambulatory difficulty,3.00
Queens,"Gray areas on the New York City map include Rikers Island and unpopulated areas such as airports, cemeteries, and parks.",Source: American Community Survey (ACS) 2010-2014 5-year estimates. NTA-level estimates prepared by NYC Department of City Planning.,Percent of civilian noninstitutionalized population all ages with an ambulatory difficulty,Queensbridge-Ravenswood-Long Island City,Disability: Ambulatory Difficulty,Percent of civilian noninstitutionalized population all ages with an ambulatory difficulty,5.20
Queens,"Gray areas on the New York City map include Rikers Island and unpopulated areas such as airports, cemeteries, and parks.",Source: American Community Survey (ACS) 2010-2014 5-year estimates. NTA-level estimates prepared by NYC Department of City Planning.,Percent of civilian noninstitutionalized population all ages with an ambulatory difficulty,Rego Park,Disability: Ambulatory Difficulty,Percent of civilian noninstitutionalized population all ages with an ambulatory difficulty,7.50
Queens,"Gray areas on the New York City map include Rikers Island and unpopulated areas such as airports, cemeteries, and parks.",Source: American Community Survey (ACS) 2010-2014 5-year estimates. NTA-level estimates prepared by NYC Department of City Planning.,Percent of civilian noninstitutionalized population all ages with an ambulatory difficulty,Richmond Hill,Disability: Ambulatory Difficulty,Percent of civilian noninstitutionalized population all ages with an ambulatory difficulty,5.20
Queens,"Gray areas on the New York City map include Rikers Island and unpopulated areas such as airports, cemeteries, and parks.",Source: American Community Survey (ACS) 2010-2014 5-year estimates. NTA-level estimates prepared by NYC Department of City Planning.,Percent of civilian noninstitutionalized population all ages with an ambulatory difficulty,Ridgewood,Disability: Ambulatory Difficulty,Percent of civilian noninstitutionalized population all ages with an ambulatory difficulty,3.50
Queens,"Gray areas on the New York City map include Rikers Island and unpopulated areas such as airports, cemeteries, and parks.",Source: American Community Survey (ACS) 2010-2014 5-year estimates. NTA-level estimates prepared by NYC Department of City Planning.,Percent of civilian noninstitutionalized population all ages with an ambulatory difficulty,Rosedale,Disability: Ambulatory Difficulty,Percent of civilian noninstitutionalized population all ages with an ambulatory difficulty,3.00
Queens,"Gray areas on the New York City map include Rikers Island and unpopulated areas such as airports, cemeteries, and parks.",Source: American Community Survey (ACS) 2010-2014 5-year estimates. NTA-level estimates prepared by NYC Department of City Planning.,Percent of civilian noninstitutionalized population all ages with an ambulatory difficulty,South Jamaica,Disability: Ambulatory Difficulty,Percent of civilian noninstitutionalized population all ages with an ambulatory difficulty,5.60
Queens,"Gray areas on the New York City map include Rikers Island and unpopulated areas such as airports, cemeteries, and parks.",Source: American Community Survey (ACS) 2010-2014 5-year estimates. NTA-level estimates prepared by NYC Department of City Planning.,Percent of civilian noninstitutionalized population all ages with an ambulatory difficulty,South Ozone Park,Disability: Ambulatory Difficulty,Percent of civilian noninstitutionalized population all ages with an ambulatory difficulty,5.70
Queens,"Gray areas on the New York City map include Rikers Island and unpopulated areas such as airports, cemeteries, and parks.",Source: American Community Survey (ACS) 2010-2014 5-year estimates. NTA-level estimates prepared by NYC Department of City Planning.,Percent of civilian noninstitutionalized population all ages with an ambulatory difficulty,Springfield Gardens North,Disability: Ambulatory Difficulty,Percent of civilian noninstitutionalized population all ages with an ambulatory difficulty,8.60
Queens,"Gray areas on the New York City map include Rikers Island and unpopulated areas such as airports, cemeteries, and parks.",Source: American Community Survey (ACS) 2010-2014 5-year estimates. NTA-level estimates prepared by NYC Department of City Planning.,Percent of civilian noninstitutionalized population all ages with an ambulatory difficulty,Springfield Gardens South-Brookville,Disability: Ambulatory Difficulty,Percent of civilian noninstitutionalized population all ages with an ambulatory difficulty,5.50
Queens,"Gray areas on the New York City map include Rikers Island and unpopulated areas such as airports, cemeteries, and parks.",Source: American Community Survey (ACS) 2010-2014 5-year estimates. NTA-level estimates prepared by NYC Department of City Planning.,Percent of civilian noninstitutionalized population all ages with an ambulatory difficulty,St. Albans,Disability: Ambulatory Difficulty,Percent of civilian noninstitutionalized population all ages with an ambulatory difficulty,6.00
Queens,"Gray areas on the New York City map include Rikers Island and unpopulated areas such as airports, cemeteries, and parks.",Source: American Community Survey (ACS) 2010-2014 5-year estimates. NTA-level estimates prepared by NYC Department of City Planning.,Percent of civilian noninstitutionalized population all ages with an ambulatory difficulty,Steinway,Disability: Ambulatory Difficulty,Percent of civilian noninstitutionalized population all ages with an ambulatory difficulty,5.60
Queens,"Gray areas on the New York City map include Rikers Island and unpopulated areas such as airports, cemeteries, and parks.",Source: American Community Survey (ACS) 2010-2014 5-year estimates. NTA-level estimates prepared by NYC Department of City Planning.,Percent of civilian noninstitutionalized population all ages with an ambulatory difficulty,Whitestone,Disability: Ambulatory Difficulty,Percent of civilian noninstitutionalized population all ages with an ambulatory difficulty,5.70
Queens,"Gray areas on the New York City map include Rikers Island and unpopulated areas such as airports, cemeteries, and parks.",Source: American Community Survey (ACS) 2010-2014 5-year estimates. NTA-level estimates prepared by NYC Department of City Planning.,Percent of civilian noninstitutionalized population all ages with an ambulatory difficulty,Woodhaven,Disability: Ambulatory Difficulty,Percent of civilian noninstitutionalized population all ages with an ambulatory difficulty,5.70
Queens,"Gray areas on the New York City map include Rikers Island and unpopulated areas such as airports, cemeteries, and parks.",Source: American Community Survey (ACS) 2010-2014 5-year estimates. NTA-level estimates prepared by NYC Department of City Planning.,Percent of civilian noninstitutionalized population all ages with an ambulatory difficulty,Woodside,Disability: Ambulatory Difficulty,Percent of civilian noninstitutionalized population all ages with an ambulatory difficulty,4.50
Staten Island,"Gray areas on the New York City map include Rikers Island and unpopulated areas such as airports, cemeteries, and parks.",Source: American Community Survey (ACS) 2010-2014 5-year estimates. NTA-level estimates prepared by NYC Department of City Planning.,Percent of civilian noninstitutionalized population all ages with an ambulatory difficulty,Annadale-Huguenot-Prince's Bay-Eltingville,Disability: Ambulatory Difficulty,Percent of civilian noninstitutionalized population all ages with an ambulatory difficulty,5.00
Staten Island,"Gray areas on the New York City map include Rikers Island and unpopulated areas such as airports, cemeteries, and parks.",Source: American Community Survey (ACS) 2010-2014 5-year estimates. NTA-level estimates prepared by NYC Department of City Planning.,Percent of civilian noninstitutionalized population all ages with an ambulatory difficulty,Arden Heights,Disability: Ambulatory Difficulty,Percent of civilian noninstitutionalized population all ages with an ambulatory difficulty,5.20
Staten Island,"Gray areas on the New York City map include Rikers Island and unpopulated areas such as airports, cemeteries, and parks.",Source: American Community Survey (ACS) 2010-2014 5-year estimates. NTA-level estimates prepared by NYC Department of City Planning.,Percent of civilian noninstitutionalized population all ages with an ambulatory difficulty,Charleston-Richmond Valley-Tottenville,Disability: Ambulatory Difficulty,Percent of civilian noninstitutionalized population all ages with an ambulatory difficulty,4.30
Staten Island,"Gray areas on the New York City map include Rikers Island and unpopulated areas such as airports, cemeteries, and parks.",Source: American Community Survey (ACS) 2010-2014 5-year estimates. NTA-level estimates prepared by NYC Department of City Planning.,Percent of civilian noninstitutionalized population all ages with an ambulatory difficulty,Grasmere-Arrochar-Ft. Wadsworth,Disability: Ambulatory Difficulty,Percent of civilian noninstitutionalized population all ages with an ambulatory difficulty,7.30
Staten Island,"Gray areas on the New York City map include Rikers Island and unpopulated areas such as airports, cemeteries, and parks.",Source: American Community Survey (ACS) 2010-2014 5-year estimates. NTA-level estimates prepared by NYC Department of City Planning.,Percent of civilian noninstitutionalized population all ages with an ambulatory difficulty,Great Kills,Disability: Ambulatory Difficulty,Percent of civilian noninstitutionalized population all ages with an ambulatory difficulty,6.70
Staten Island,"Gray areas on the New York City map include Rikers Island and unpopulated areas such as airports, cemeteries, and parks.",Source: American Community Survey (ACS) 2010-2014 5-year estimates. NTA-level estimates prepared by NYC Department of City Planning.,Percent of civilian noninstitutionalized population all ages with an ambulatory difficulty,Grymes Hill-Clifton-Fox Hills,Disability: Ambulatory Difficulty,Percent of civilian noninstitutionalized population all ages with an ambulatory difficulty,4.70
Staten Island,"Gray areas on the New York City map include Rikers Island and unpopulated areas such as airports, cemeteries, and parks.",Source: American Community Survey (ACS) 2010-2014 5-year estimates. NTA-level estimates prepared by NYC Department of City Planning.,Percent of civilian noninstitutionalized population all ages with an ambulatory difficulty,Mariner's Harbor-Arlington-Port Ivory-Graniteville,Disability: Ambulatory Difficulty,Percent of civilian noninstitutionalized population all ages with an ambulatory difficulty,5.90
Staten Island,"Gray areas on the New York City map include Rikers Island and unpopulated areas such as airports, cemeteries, and parks.",Source: American Community Survey (ACS) 2010-2014 5-year estimates. NTA-level estimates prepared by NYC Department of City Planning.,Percent of civilian noninstitutionalized population all ages with an ambulatory difficulty,New Brighton-Silver Lake,Disability: Ambulatory Difficulty,Percent of civilian noninstitutionalized population all ages with an ambulatory difficulty,4.50
Staten Island,"Gray areas on the New York City map include Rikers Island and unpopulated areas such as airports, cemeteries, and parks.",Source: American Community Survey (ACS) 2010-2014 5-year estimates. NTA-level estimates prepared by NYC Department of City Planning.,Percent of civilian noninstitutionalized population all ages with an ambulatory difficulty,New Dorp-Midland Beach,Disability: Ambulatory Difficulty,Percent of civilian noninstitutionalized population all ages with an ambulatory difficulty,6.90
Staten Island,"Gray areas on the New York City map include Rikers Island and unpopulated areas such as airports, cemeteries, and parks.",Source: American Community Survey (ACS) 2010-2014 5-year estimates. NTA-level estimates prepared by NYC Department of City Planning.,Percent of civilian noninstitutionalized population all ages with an ambulatory difficulty,New Springville-Bloomfield-Travis,Disability: Ambulatory Difficulty,Percent of civilian noninstitutionalized population all ages with an ambulatory difficulty,5.00
Staten Island,"Gray areas on the New York City map include Rikers Island and unpopulated areas such as airports, cemeteries, and parks.",Source: American Community Survey (ACS) 2010-2014 5-year estimates. NTA-level estimates prepared by NYC Department of City Planning.,Percent of civilian noninstitutionalized population all ages with an ambulatory difficulty,Oakwood-Oakwood Beach,Disability: Ambulatory Difficulty,Percent of civilian noninstitutionalized population all ages with an ambulatory difficulty,6.50
Staten Island,"Gray areas on the New York City map include Rikers Island and unpopulated areas such as airports, cemeteries, and parks.",Source: American Community Survey (ACS) 2010-2014 5-year estimates. NTA-level estimates prepared by NYC Department of City Planning.,Percent of civilian noninstitutionalized population all ages with an ambulatory difficulty,Old Town-Dongan Hills-South Beach,Disability: Ambulatory Difficulty,Percent of civilian noninstitutionalized population all ages with an ambulatory difficulty,5.90
Staten Island,"Gray areas on the New York City map include Rikers Island and unpopulated areas such as airports, cemeteries, and parks.",Source: American Community Survey (ACS) 2010-2014 5-year estimates. NTA-level estimates prepared by NYC Department of City Planning.,Percent of civilian noninstitutionalized population all ages with an ambulatory difficulty,Port Richmond,Disability: Ambulatory Difficulty,Percent of civilian noninstitutionalized population all ages with an ambulatory difficulty,5.30
Staten Island,"Gray areas on the New York City map include Rikers Island and unpopulated areas such as airports, cemeteries, and parks.",Source: American Community Survey (ACS) 2010-2014 5-year estimates. NTA-level estimates prepared by NYC Department of City Planning.,Percent of civilian noninstitutionalized population all ages with an ambulatory difficulty,Rossville-Woodrow,Disability: Ambulatory Difficulty,Percent of civilian noninstitutionalized population all ages with an ambulatory difficulty,3.40
Staten Island,"Gray areas on the New York City map include Rikers Island and unpopulated areas such as airports, cemeteries, and parks.",Source: American Community Survey (ACS) 2010-2014 5-year estimates. NTA-level estimates prepared by NYC Department of City Planning.,Percent of civilian noninstitutionalized population all ages with an ambulatory difficulty,Stapleton-Rosebank,Disability: Ambulatory Difficulty,Percent of civilian noninstitutionalized population all ages with an ambulatory difficulty,5.90
Staten Island,"Gray areas on the New York City map include Rikers Island and unpopulated areas such as airports, cemeteries, and parks.",Source: American Community Survey (ACS) 2010-2014 5-year estimates. NTA-level estimates prepared by NYC Department of City Planning.,Percent of civilian noninstitutionalized population all ages with an ambulatory difficulty,Todt Hill-Emerson Hill-Heartland Village-Lighthouse Hill,Disability: Ambulatory Difficulty,Percent of civilian noninstitutionalized population all ages with an ambulatory difficulty,7.30
Staten Island,"Gray areas on the New York City map include Rikers Island and unpopulated areas such as airports, cemeteries, and parks.",Source: American Community Survey (ACS) 2010-2014 5-year estimates. NTA-level estimates prepared by NYC Department of City Planning.,Percent of civilian noninstitutionalized population all ages with an ambulatory difficulty,West New Brighton-New Brighton-St. George,Disability: Ambulatory Difficulty,Percent of civilian noninstitutionalized population all ages with an ambulatory difficulty,6.30
Staten Island,"Gray areas on the New York City map include Rikers Island and unpopulated areas such as airports, cemeteries, and parks.",Source: American Community Survey (ACS) 2010-2014 5-year estimates. NTA-level estimates prepared by NYC Department of City Planning.,Percent of civilian noninstitutionalized population all ages with an ambulatory difficulty,Westerleigh,Disability: Ambulatory Difficulty,Percent of civilian noninstitutionalized population all ages with an ambulatory difficulty,5.60